channel,primary_topic
Crypto Ben,ai-llms
Ray Amjad,ai-llms
Sajid,ai-llms
ARK Invest,ai-llms
Missing Semester,ai-llms
Sean Kochel,ai-llms
Unsupervised Learning,business
Eliot Prince,ai-llms
Ticker Symbol: YOU,finance-investing
Prompt Engineering,ai-llms
AI Engineer,ai-llms
Alejandro AO and HuggingFace,ai-llms
Leon van Zyl,ai-llms
OpenAI,ai-llms
Dylan Davis,ai-llms
Your Average Tech Bro,ai-llms
The AI Automators,ai-llms
Agrici Daniel,ai-llms
Quantopian,ai-llms
AI Jason,ai-llms
IBM Technology,ai-llms
Simon Scrapes,ai-llms
Yvar Birx,ai-llms
Latent Space,ai-llms
nunomaduro,ai-llms
Brian Casel,ai-llms
Alejandro AO,ai-llms
Marcus Vorwaller,ai-llms
Y Combinator,ai-llms
Dive Club 🤿,ai-llms
Kenny Liao,ai-llms
George Ai,ai-llms
Dustin Vannoy,ai-llms
AI LABS,ai-llms
Lenny's Podcast,ai-llms
Chase AI,ai-llms
NetworkChuck,ai-llms
Corporate Finance Institute,ai-llms
Syntax,ai-llms
Taylor Haren,ai-llms
AI Native Dev,ai-llms
Grace Leung,ai-llms
NSF NCAR Computational and Information Systems Lab,ai-llms
Andrej Karpathy,ai-llms
TÂCHES TEACHES,ai-llms
Better Stack,ai-llms
The Prof G Pod – Scott Galloway,ai-llms
ItsKeaton,ai-llms
How I AI,ai-llms
Mark Kashef,ai-llms
10x Builder,ai-llms
JeredBlu,ai-llms
YC Root Access,ai-llms
Kole Jain,software-engineering
AI News & Strategy Daily | Nate B Jones,ai-llms
Matt Pocock,ai-llms
IndyDevDan,ai-llms
GigabyteLabs,hardware-homelab
ZioSec,hardware-homelab
Business Insider,hardware-homelab
Jimmy Tries World,hardware-homelab
Stephen Robles,hardware-homelab
Munroe Recaps ,faith
Biodun Fatoyinbo,faith
Pastor Poju Oyemade,faith
Craig Groeschel,business
Leila Hormozi,business
Alux.com,business
Starter Story,business
3D Dentists,business
GOSHEN,business
Harvard Business Review,business
Christine Jiang,business
Efficient App (Alex & Andra),business
Layla at ProcessDriven,business
EntreLeadership,business
Excess Returns,finance-investing
Heresy Financial,finance-investing
Paycheck To Portfolio,finance-investing
Benjamin Cowen,finance-investing
Investing Simplified - Professor G,finance-investing
Economy Media,software-engineering
CNC Kitchen,software-engineering
DevOps & AI Toolkit,software-engineering
StarMorph AI,software-engineering
Rob the Maritimer,software-engineering
Nate Black,software-engineering
Brady Shearer,software-engineering
Sam Crawford | Squarespace Expert,software-engineering
Eric Tech,software-engineering
John Kim,software-engineering
